Instance,BKS,GSL_Res,LNS_Res,GSL_Gap,LNS_Gap,GSL_Time,LNS_Time,Winner
XL-n10001-k1570,2333757.0,2432382.86,2435777.8,4.23,4.37,2172.87,129.33,GSL
XL-n1048-k237,380211.0,408807.70,466704.68,7.52,22.75,12.78,4.54,GSL
XL-n1094-k157,112431.0,115544.17,118090.73,2.77,5.03,6.26,2.90,GSL
XL-n1141-k112,95727.0,106498.90,105457.59,11.25,10.16,18.37,2.99,LNS
XL-n1188-k96,104415.0,116635.13,143195.73,11.70,37.14,62.39,3.33,GSL
XL-n1234-k55,96647.0,106839.49,110834.39,10.55,14.68,16.37,4.02,GSL
XL-n1281-k29,31101.0,38894.76,40676.53,25.06,30.79,26.35,6.44,GSL
XL-n1328-k19,38247.0,48557.58,48194.01,26.96,26.01,39.40,6.32,LNS
XL-n1374-k278,233049.0,244326.10,299177.26,4.84,28.38,25.56,4.43,GSL
XL-n1421-k232,384826.0,393355.79,420822.99,2.22,9.35,31.92,4.36,GSL
XL-n1468-k151,250166.0,274384.35,266157.49,9.68,6.39,40.62,4.69,LNS
XL-n1514-k106,92425.0,106476.46,103386.73,15.20,11.86,77.03,4.67,LNS
XL-n1561-k75,101549.0,109359.41,108545.57,7.69,6.89,25.62,5.56,LNS
XL-n1608-k39,48021.0,59926.56,62772.71,24.79,30.72,37.40,8.19,GSL
XL-n1654-k11,35385.0,48730.63,47023.26,37.72,32.89,108.83,12.74,LNS
XL-n1701-k562,521136.0,560803.53,572164.34,7.61,9.79,28.45,7.43,GSL
XL-n1748-k271,173896.0,185208.24,217536.05,6.51,25.10,37.79,6.22,GSL
XL-n1794-k163,141729.0,149866.24,152147.26,5.74,7.35,18.84,5.96,GSL
XL-n1841-k126,214038.0,223922.05,239738.81,4.62,12.01,32.44,6.72,GSL
XL-n1888-k82,143623.0,158910.12,157133.11,10.64,9.41,103.21,6.86,LNS
XL-n1934-k46,53013.0,65124.33,71927.28,22.85,35.68,55.42,7.12,GSL
XL-n1981-k13,32580.0,42558.39,42292.39,30.63,29.81,148.56,12.35,LNS
XL-n2028-k617,544403.0,589637.99,583560.76,8.31,7.19,38.90,8.93,LNS
XL-n2074-k264,421627.0,429613.32,500676.27,1.89,18.75,54.55,7.25,GSL
XL-n2121-k186,283211.0,292246.39,304681.43,3.19,7.58,36.61,7.13,GSL
XL-n2168-k138,127298.0,146553.07,178781.85,15.13,40.44,423.88,7.87,GSL
XL-n2214-k131,154676.0,164220.11,164557.72,6.17,6.39,45.83,8.31,GSL
XL-n2261-k54,98907.0,113444.23,113391.66,14.70,14.64,84.52,10.27,LNS
XL-n2307-k34,47958.0,62920.99,65374.07,31.20,36.32,115.23,10.71,GSL
XL-n2354-k631,940825.0,1000020.85,1004076.65,6.29,6.72,62.52,10.51,GSL
XL-n2401-k408,463473.0,481676.54,642830.05,3.93,38.70,70.36,9.60,GSL
XL-n2447-k290,218706.0,230044.57,274721.45,5.18,25.61,75.30,10.93,GSL
XL-n2494-k194,361205.0,369000.24,385781.0,2.16,6.80,279.98,9.99,GSL
XL-n2541-k121,146390.0,160673.50,158957.73,9.76,8.59,77.87,9.96,LNS
XL-n2587-k66,73394.0,88893.27,90613.09,21.12,23.46,102.08,11.82,GSL
XL-n2634-k17,31641.0,42508.28,42499.75,34.35,34.32,334.95,19.51,LNS
XL-n2681-k540,798603.0,813340.88,920902.51,1.85,15.31,120.73,11.40,GSL
XL-n2727-k546,431134.0,436485.03,439993.82,1.24,2.06,39.01,12.81,GSL
XL-n2774-k286,407847.0,434752.95,425189.32,6.60,4.25,244.98,12.35,LNS
XL-n2821-k208,210763.0,229707.78,260424.5,8.99,23.56,69.11,12.93,GSL
XL-n2867-k120,165990.0,182557.27,178359.48,9.98,7.45,805.57,13.10,LNS
XL-n2914-k95,88990.0,107396.82,124129.31,20.68,39.49,251.51,13.49,GSL
XL-n2961-k55,108084.0,126905.27,127463.45,17.41,17.93,176.40,13.92,GSL
XL-n3007-k658,522319.0,530738.93,587164.72,1.61,12.41,85.59,13.77,GSL
XL-n3054-k461,782739.0,816018.19,819807.39,4.25,4.74,122.05,15.62,GSL
XL-n3101-k311,245937.0,255628.34,281485.46,3.94,14.45,132.47,14.36,GSL
XL-n3147-k232,256626.0,280205.87,273902.05,9.19,6.73,435.59,15.05,LNS
XL-n3194-k161,148728.0,167252.90,203929.84,12.45,37.12,222.47,16.15,GSL
XL-n3241-k115,221370.0,232679.33,252893.4,5.11,14.24,149.60,16.64,GSL
XL-n3287-k30,40229.0,52017.31,50967.12,29.30,26.69,422.87,23.88,LNS
XL-n3334-k934,1452698.0,1481426.06,1547959.41,1.98,6.56,128.63,17.30,GSL
XL-n3408-k524,678643.0,707792.37,908258.31,4.30,33.83,244.24,17.76,GSL
XL-n3484-k436,703355.0,710616.12,711257.87,1.03,1.12,107.09,19.56,GSL
XL-n3561-k229,209386.0,223227.95,271016.93,6.61,29.43,576.75,18.60,GSL
XL-n3640-k211,189724.0,210842.89,209451.67,11.13,10.40,581.25,19.97,LNS
XL-n3721-k77,162852.0,183537.30,187031.9,12.70,14.85,273.31,24.87,GSL
XL-n3804-k29,52885.0,72197.63,71366.25,36.52,34.95,537.03,29.47,LNS
XL-n3888-k1010,1880358.0,2026919.41,2059927.6,7.79,9.55,199.04,23.81,GSL
XL-n3975-k687,525901.0,535089.49,587421.98,1.75,11.70,229.69,21.72,GSL
XL-n4063-k347,548931.0,575388.87,660249.73,4.82,20.28,575.83,23.30,GSL
XL-n4153-k291,356034.0,366605.68,400395.16,2.97,12.46,186.14,22.84,GSL
XL-n4245-k203,229659.0,247490.80,247795.55,7.76,7.90,210.62,25.95,GSL
XL-n4340-k148,244226.0,290029.54,265370.46,18.75,8.66,3331.20,27.94,LNS
XL-n4436-k48,61477.0,77442.04,75129.87,25.97,22.21,573.24,37.18,LNS
XL-n4535-k1134,1203566.0,1207841.77,1210178.03,0.36,0.55,129.74,32.25,GSL
XL-n4635-k790,610650.0,623232.39,768577.4,2.06,25.86,244.05,28.76,GSL
XL-n4738-k487,760501.0,786562.21,915801.57,3.43,20.42,553.90,30.34,GSL
XL-n4844-k321,404652.0,423278.17,461159.16,4.60,13.96,276.80,30.80,GSL
XL-n4951-k203,285259.0,326739.64,306151.76,14.54,7.32,2810.85,37.14,LNS
XL-n5061-k184,161629.0,188626.71,176071.39,16.70,8.94,3281.49,37.83,LNS
XL-n5174-k55,61382.0,83410.67,80056.21,35.89,30.42,871.05,39.67,LNS
XL-n5288-k1246,1960101.0,2078980.73,2073417.0,6.06,5.78,452.54,48.57,LNS
XL-n5406-k783,1040536.0,1050660.38,1094287.91,0.97,5.17,254.38,39.42,GSL
XL-n5526-k553,336898.0,347344.12,349175.43,3.10,3.64,207.68,46.84,GSL
XL-n5649-k401,644856.0,666712.53,704736.18,3.39,9.29,380.60,42.25,GSL
XL-n5774-k290,250207.0,271807.39,321155.91,8.63,28.36,978.14,46.21,GSL
XL-n5902-k122,217447.0,245987.47,269429.26,13.13,23.91,952.56,55.40,GSL
XL-n6034-k61,64448.0,87832.89,81460.49,36.28,26.40,6608.05,58.70,LNS
XL-n6168-k1922,1530010.0,1581302.06,1843621.85,3.35,20.50,381.79,51.08,GSL
XL-n6305-k1042,1177528.0,1227595.51,1432816.51,1.70,21.68,776.78,54.56,GSL
XL-n6445-k628,990623.0,1035213.76,1035319.84,4.50,4.51,1456.35,59.75,GSL
XL-n6588-k473,334058.0,349438.01,363090.6,4.60,8.69,333.70,58.61,GSL
XL-n6734-k330,448031.0,506461.31,473386.77,13.04,5.66,3688.87,65.69,LNS
XL-n6884-k148,181809.0,203604.14,203381.05,11.99,11.87,1138.12,66.32,LNS
XL-n7037-k38,70845.0,103888.86,96804.35,46.64,36.64,3493.65,80.25,LNS
XL-n7193-k1683,2958979.0,3101124.23,3109220.31,4.80,5.08,931.07,78.75,GSL
XL-n7353-k1471,1537811.0,1547026.98,1551935.54,0.60,0.92,437.58,83.24,GSL
XL-n7516-k859,573902.0,585354.29,690992.76,1.99,20.40,2247.66,74.71,GSL
XL-n7683-k602,702098.0,749543.13,735870.15,6.76,4.81,2054.10,86.00,LNS
XL-n7854-k365,659221.0,673624.10,680366.39,2.18,3.21,1022.69,87.96,LNS
XL-n8028-k294,265900.0,314204.65,383802.05,18.17,44.34,3164.76,91.56,GSL
XL-n8207-k108,118274.0,140402.97,137064.55,18.71,15.89,2714.67,95.01,LNS
XL-n8389-k2028,3358731.0,3427714.80,3791194.78,2.05,12.88,1324.37,87.24,GSL
XL-n8575-k1297,1089137.0,1102091.23,1176433.76,1.19,8.02,1312.80,96.26,GSL
XL-n8766-k1032,905406.0,966451.07,966451.07,6.74,6.74,2461.42,106.2,TIE
XL-n8960-k634,773383.0,805646.97,801004.88,4.17,3.57,4842.49,112.91,LNS
XL-n9160-k379,324092.0,359844.89,383071.92,11.03,18.20,1777.06,114.07,GSL
XL-n9363-k209,205575.0,237814.70,233481.5,15.68,13.57,2747.50,124.95,LNS
XL-n9571-k55,106791.0,146472.56,149903.22,37.16,40.37,9237.78,144.05,GSL
XL-n9784-k2774,4078217.0,4122097.80,4234950.46,1.08,3.84,1366.31,128.57,GSL
